,x,y,z,F
0,-93.33189153027664,65.20121016448766,-24.695978347591208,6222.2551169456565
1,81.77582471725884,-79.68680258285721,-69.88580668502382,-8006.245233859969
2,51.936261791540176,24.313777902677728,-14.284366916970143,2540.789869128093
3,-87.43228734542066,62.159097192226426,-29.347553124426966,5917.381608139292
4,-77.06602011195322,32.63797537961372,86.38384595429,3341.4116045268024
5,-15.333593718216235,-47.987369825625905,3.892034370234441,-4851.360170234691
6,-88.54288308556472,-81.45675853067122,-39.412823437534804,-8550.697649063753
7,52.38838823736734,70.2848142189394,-37.70202462282517,7088.21524154823
8,-75.34900695791737,-96.1731022212713,16.092822687513404,-9818.861653414264
9,15.160494175818656,-59.88422091128325,0.19195208152962095,-5975.008924647108
10,-93.85078019764077,32.48630836793674,79.39666671678208,3258.8269969509465
11,77.7910962988598,-78.66204138314315,-60.44130504058962,-7884.77196096578
12,67.8699576820392,-3.3789465866271655,91.03274941752866,131.43742079147088
13,-80.02202352248014,-19.212415402392963,-10.295826999958749,-2180.643323673805
14,43.43177241086789,34.664882170505706,75.8728330134683,3839.620869209438
15,-69.75948231346013,79.95854962265099,65.78548553718281,8053.272819297121
16,-7.694681945128792,0.9177399115177991,28.454502681807185,162.3346503110688
17,-4.106019455738874,-45.66335515867274,-11.612276294954711,-4638.3043787741435
18,-6.813927808431757,56.024831308175436,60.68591818403888,5803.862543585576
19,92.45596864048323,-62.423307318355434,14.798200587029939,-5976.809546138016
20,-73.2448147368485,29.236311850090658,24.284399404397846,2814.8264687882797
21,5.602328741743719,74.56605078092369,-30.789607423186325,7412.286274094779
22,21.622749461417484,-13.298213268711834,-22.146078422535282,-1347.5027367961882
23,45.65027509867795,-78.41470935313453,71.48300617332691,-7532.050685016653
24,-76.58616117174195,56.80934331671662,51.08956767856867,5663.12280417127
25,-10.195592006327956,-75.62936476157259,-42.8199645049788,-7763.745480601063
26,-13.891098525142425,43.26070438884523,46.15539032638699,4454.1323541439615
27,30.35190323446352,98.25282285684932,71.19157332468114,10181.245144515622
28,-41.37944827256816,72.4705703068328,17.061183103909073,7224.901965136899
29,-78.8193327104288,55.00942112226207,-72.80773792593834,5085.472386693776
30,-51.436104410975325,-9.047276863440558,97.25995740245466,-742.9841983550219
31,56.37958357592811,-12.054465653788242,73.22254041555428,-828.5403297979099
32,-15.50856755986048,-3.696220105818668,2.99707754993031,-404.27958113761986
33,25.05592564118018,91.09855785582056,-54.69147070700515,9053.235756931535
34,-69.80407653634103,-34.23514645974721,-18.58119435226928,-3688.8836521273515
35,92.29831954940008,64.39071741025785,-10.549420562791283,6689.033916469611
36,78.53075622282392,31.55544654510814,30.628470187717596,3480.521322713059
37,-77.64331656280527,61.16168472390467,26.122554915440617,6017.734969744443
38,59.693364891046286,98.63810750371101,77.00027933255402,10318.571117642841
39,-43.37181348872614,-41.411604670393196,32.355710168433575,-4177.168783917573
40,-64.54861116181706,1.649586880159731,12.800579960369717,30.102356288487197
41,70.17803377439992,-46.23053340925192,2.9070483638433444,-4444.917716661303
42,47.21032994680715,-1.4987459494423518,-61.49536705828531,-213.70631620487825
43,4.685090105035485,-24.732406760430166,-15.818703309668038,-2522.8567110595855
44,26.660942631210418,74.98165864004781,-41.744538857373506,7475.672057745052
45,18.753572782071032,-20.337992347421746,17.51130791691007,-1938.263647204824
46,-69.87259548300693,-48.933108523963995,-47.805018644699594,-5257.315248537942
47,-75.7421199231771,-68.84183515340482,-75.05758634107957,-7359.945879516129
48,76.65458650073106,95.42358114938739,-11.700728446731773,9761.963704513804
49,0.13758348650330277,20.500573613336087,-96.73151542978763,1757.1737152521346
50,42.80207667737571,35.389480194133,10.20201612220984,3707.2334427415517
51,86.51163650850128,0.03323990918124764,-81.45940938302623,-18.736683170623184
52,-97.90449903053286,-14.087247263953088,-9.55480170372141,-1712.2019021719861
53,15.928006515409308,6.398349094734229,63.52944233633008,885.7749746129849
54,3.422133045477821,16.460271760449615,96.63779760369368,1967.5369242460845
55,33.5290460838977,65.55233421559316,-69.41256274026992,6462.315093259263
56,-88.17352751120183,-53.04128557658079,-63.1397328966286,-5770.332567111743
57,-0.9080539269227899,38.26167122780163,-42.487741172141384,3708.470471629115
58,-58.07246460291107,-68.48292577331982,-81.63460295116273,-7297.324392141311
59,-28.822240375781135,99.72249533446441,-33.460433057106215,9839.246383929154
60,-22.11092796353016,98.14522507411692,6.859259233253852,9825.56690360734
61,-22.76757341075053,62.63218224894288,89.45328938384677,6512.9036475367075
62,61.41753813507688,-36.80921803721342,57.95047572741581,-3351.451993955173
63,56.80608478318433,93.43146185442717,-96.56484620113883,9240.632594091907
64,35.419681279168486,-80.513311202419,21.261239056451544,-7926.419460402174
65,-87.80236921291103,-91.83230976942325,71.75399177136416,-9242.76329623642
66,-41.74173367185708,55.8354420554131,45.08496018314915,5640.229536242229
67,-88.62062324820745,24.285785574504118,-20.252673153043162,2135.6550075281157
68,-24.743351341194938,-75.87768830162658,-55.932372468060045,-7867.992102180831
69,-74.84566632807787,-19.90474056814655,50.420135671070966,-2045.2780062001634
70,-31.455884986309883,-35.137786277005574,-20.157346154570703,-3679.2939105815813
71,66.18856245818353,-94.94247774607155,36.08768192029956,-9247.010655938493
72,-77.2743040502136,77.1203963688256,89.22166901974856,7821.696287832215
73,-40.515703747476195,-98.71718975171734,31.172009765103667,-9933.260396142281
74,61.27039939606806,42.41226031171695,-77.61024199351856,4183.99514889004
75,-68.71498147166623,89.20137520501572,19.928969073656162,8839.439559217577
76,95.69234335701788,51.97254841762248,-57.45625245407246,5304.149270953362
77,-85.98707703810051,-24.638611573255602,50.59354998358103,-2550.045376123414
78,-4.355706548268955,-1.3975583982094975,32.8176782999993,-49.108725204949714
79,56.97437025892401,-14.989025665024514,-60.22487567117671,-1540.182563456008
80,-77.13364985896283,74.05189797925871,20.107044665924192,7295.215474641102
81,48.59382107091966,97.17536305352132,3.7719807505442304,9910.93383173325
82,-16.500383412429457,-76.34503630507805,84.02493777504185,-7453.475840907764
83,-2.1355464563095268,63.97387738585692,-14.51172001848255,6378.803848138807
84,-7.746267726500264,9.308773244755614,4.552448248711727,929.6556256464823
85,4.875110835531544,-16.994393559480756,-27.65957392341585,-1781.3678664054023
86,24.744640271343485,96.4619617984714,-17.834253256692747,9707.17387265877
87,71.919855659858,-67.38667194686892,41.24187960608876,-6447.733775527287
88,-70.65272086273373,39.05089227825803,-32.504680841991956,3628.877070998772
89,85.09178325906166,-79.03995459104256,-55.97380602726225,-7888.823519529469
90,-27.623155059730962,43.321150187642786,14.142174315406564,4323.393252370065
91,90.41655225033657,31.437559893082152,17.0512771946115,3459.022458963859
92,92.9452171045713,-72.5671591635497,95.42107946897534,-6741.115081758504
93,67.7335996858489,43.905877135764456,-47.59550963230015,4447.000177765727
94,68.04974760412216,-12.764399850476437,30.82895178943187,-1003.1565326658903
95,81.04624461935836,-62.25525932893024,10.001544484066741,-6003.919253602405
96,99.38359967027662,47.838123880419175,-77.46334201879432,4834.294283483198
97,68.09691536472852,21.46087233751905,-75.95930577985976,2102.711628470761
98,-59.417783270037795,39.85697410493785,17.26091310249167,3896.930710330268
99,91.59215074273953,55.88600189526983,-68.50874489609085,5648.966710306942
100,65.2792774122959,0.9948775367845286,-75.0252452151054,40.271684240516045
101,2.4792091754617616,-17.245271975799994,54.673029634613215,-1553.742014844235
102,35.11642008456087,-45.16826002642262,-11.300666453822487,-4479.762982526964
103,-42.51407545768997,-21.17301237050407,-48.04311571567239,-2394.3281128304843
104,-64.62864559950515,-64.33174014587055,-65.76911906080514,-6847.2244567520065
105,-98.01844567672508,-25.58694299188744,78.53665657687881,-2593.0808338365605
106,72.19237983637663,16.292241843186446,0.33592902625036913,1834.3792239707461
107,25.809754837933113,-82.96446510123576,67.33352075836191,-8054.515984593846
108,-93.93636038039313,-27.122104489806475,-57.87264759145187,-3161.886302699701
109,87.71711266524858,-95.39817549258703,40.68640334061325,-9220.331502852283
110,12.474307215570434,8.231789916700748,33.31469725824775,964.9871048651553
111,-56.87752408205036,-94.75472320802791,83.81153762685585,-9413.734552085985
112,76.30033426150439,-35.89998138303815,-34.28385771094666,-3507.582527853124
113,-86.56058193973675,84.88652970333811,52.210568051664126,8459.471128241708
114,7.122185728618049,-65.70372105314888,-39.94811797396769,-6710.348973035296
115,-52.609607849913154,-0.6567846123865593,74.76485278774481,26.439425967216298
116,-91.18409183629453,-32.999237071439566,-87.10721537746919,-3836.968255572554
117,38.79159757911461,36.69116601550303,85.88974833808905,4063.3771431488763
118,-17.035502840273153,98.86841776151724,10.716629445234375,9922.428251041247
119,31.23044822566908,-95.25415013380825,-15.161039150386841,-9534.89644003761
120,83.36380813058787,-72.64075058322668,58.19728035686697,-6889.000594686839
121,71.33940542262144,-31.593200350370367,55.63722642447374,-2806.17752197178
122,-67.01136690819351,-74.81431410052272,92.31169758307624,-7409.535956844516
123,-62.44451979618668,-10.224455801992562,10.417363155577732,-1165.610257243391
124,-47.746285444469635,-68.56790688774205,16.494426323151885,-6969.373877693696
125,29.43001362853596,-99.18860424017188,-19.78455769758058,-9950.710355539637
126,75.58042007316209,-3.2264617744343553,-60.78463688908471,-309.9528492915491
127,-0.6671134013640767,-43.82280301404515,37.40288387121933,-4288.553867555696
128,-11.166512417957392,16.287428065594327,-12.233679787431257,1567.6214514144078
129,-46.324214642345794,1.9812649591049762,31.891763798010942,172.53713196455823
130,15.16029451909911,-82.3191669238403,1.4061040421397166,-8227.090807771816
131,18.34325034837437,-28.56311976144991,-86.06484082783608,-3090.7416411235577
132,-9.46386446086376,-58.89983098874065,-83.88135071391143,-6207.416517797015
133,30.688335862728792,89.04486047420883,21.579602158169337,9100.137481770797
134,90.21065825372855,-61.03749420332267,-32.10295825613825,-5988.979096184178
135,-42.2293030241216,23.528438835655606,-44.821626565315164,2108.489889551138
136,51.35257095993626,85.89308806952062,-89.82857199382839,8490.264444593533
137,2.039132733522564,-17.092406473072515,99.63130061641985,-1399.4128218230674
138,34.1977660376665,-58.21257608849526,5.064595632276166,-5741.902668659248
139,-60.208606447457,93.1493358518573,-70.53806220916164,8975.32735914376
140,-47.072871977454156,77.2030409365479,-63.063447598394305,7432.468852905067
141,-87.52038954212489,-55.22164293991671,-67.2967938669861,-5998.809471846371
142,-83.98757849644693,78.80717032397519,-30.348147353735385,7596.51705390064
143,87.19939456139579,10.776389115372282,81.24066313826648,1576.8754036158507
144,-56.02838470151787,-30.16993967109414,1.4627172141253908,-3181.491673671723
145,36.30212051704561,-36.05531001431712,-68.05865309659175,-3737.489827882803
146,-29.165236174904095,45.03708814390387,-62.026727340536134,4253.389390230859
147,15.963368784761784,-19.861581731553144,-27.880216802711914,-2039.184113207505
148,33.44412603166717,53.89982266618554,78.81572697952348,5756.046540985721
149,75.59574174499616,55.179869987539604,88.00821225864595,6027.62341626375
150,99.0707656613103,44.06404417371459,-50.3668681611926,4538.88668379194
151,-76.72341179881045,61.548940576769155,-0.3271471170802158,5977.019804965386
152,56.06521655995252,-62.607704603711746,-55.75730400553025,-6316.265495674587
153,66.15808320509976,-43.373025573418865,15.633402253534442,-4130.1964507409675
154,-42.05330331015475,-6.352145147565253,-34.71893030041396,-861.7501145758819
155,54.39491653822168,-18.779327494099192,96.62171423057134,-1434.5371325397532
156,52.26959763689055,46.72946547356136,-81.12850153946975,4584.053393524961
157,-80.63828457241175,43.04564665895572,-3.161626739538306,4097.546179781881
158,-0.03944538758464944,91.06148496092041,4.168021932237195,9164.77034537005
159,-41.79047026660252,-70.79875904841495,-47.456490128635664,-7377.947331446751
160,-18.85088167188505,-34.58549936594184,-9.144632052303365,-3554.983740902468
161,79.24057770537004,-27.400865585763583,-66.08823751613434,-2745.9019526750494
162,32.14200961678799,-67.11584960651663,-82.71012346283415,-6916.865541732927
163,1.1557547603927532,36.10168818434295,-86.60516343986309,3359.070366752195
164,40.615847300390584,-28.13183047861378,-73.17726718008288,-2946.762979177323
165,4.426851832452286,-68.7462484439919,-95.24124908669158,-7195.697798533356
166,27.599023700029093,-33.55616060892592,-2.1549462828258044,-3304.9882666825315
167,5.327011333705016,27.56951128157847,67.02817025181048,2996.7815514355275
168,-69.69536968893932,39.41722271325315,71.60955124352682,3994.9071445699396
169,-64.55250809751725,84.08010903884517,41.70819182548129,8405.950383444488
170,-54.54370891434477,42.93872702417616,-10.35787115455473,4135.8523954306675
171,64.36961876776365,3.2568178369939886,-24.273394293296164,425.4956341713002
172,93.74812490895593,-31.586476399524415,91.99417610033797,-2629.4447436841556
173,-71.37867017325254,-10.237460096490864,31.695774658800588,-1122.7420880843845
174,-35.351831183162076,94.53634546417703,-85.65479312295696,9136.076284111216
175,79.8840597759328,-52.42445047264859,-69.93703586799234,-5271.277290799913
176,80.64612474917189,95.96572939617857,-43.167253657223625,9728.911685340696
177,-82.49778490144968,20.735557206653027,-95.83270527437176,1558.291662610311
178,-51.25071531910712,-1.7117843299427875,44.89862072718353,-171.2475727852037
179,-23.484293527172383,83.38430285097004,-69.57419898311099,8097.321340060226
180,77.23513788342876,-24.346768905291555,21.326094161702372,-2171.5739429662344
181,-10.794619335136105,-59.02782611200921,67.76091984853187,-5747.831445177744
182,51.03466075975797,-44.520132640530676,80.08113549543467,-4084.6206216277337
183,83.69148061824262,-31.30136056229695,96.0617758555795,-2617.140505581974
184,-20.89857736607992,-18.53133499432718,-62.95704342314616,-2115.7897166921953
185,-93.65784967836532,56.983794809285996,-37.88399602481718,5352.926054344624
186,-26.651117075090852,40.43001765986193,-65.32985555248061,3785.6663551362126
187,-99.64841983627166,6.224068044544694,-43.19665732661724,220.03464336365477
188,-46.872768598117666,87.08294184642261,9.027338571851118,8651.60838832485
189,-2.7968630975053372,48.11420342823439,-55.67834976228456,4654.987696289311
190,3.2893024529442982,-97.1162370630575,67.68814197896671,-9539.281635016538
191,84.93496624917509,-46.760505699949626,11.899180291532758,-4430.436935562695
192,-0.3592659944070249,-61.27799732203185,-0.4428661849006801,-6160.63279049388
193,-1.2824606355859913,-64.0241348054825,38.53366445382258,-6316.490003242111
194,-78.7199076914247,-35.22235622993573,-17.31758322646715,-3809.1631259216665
195,-72.59128911487215,52.110797312665085,84.05786472667546,5304.377270960835
196,79.327843624944,-36.054480899142916,-64.6051215731819,-3610.36523249064
197,52.844817017914494,94.91455845202375,71.40192335483749,9906.548167665864
198,79.47679783027377,22.97392936865475,-44.74767639180144,2380.6162272858646
199,56.152475573151094,-71.19981741724546,-41.91332436739705,-7135.680034307081
200,46.001516090936775,-83.9535387057458,-20.62294389010104,-8375.772424408387
201,34.275165762890026,11.566377393501682,-35.74679758098178,1143.5499931085042
202,92.89684792053316,-83.24853529727503,44.32426122217771,-7975.650724663919
203,26.477024661001252,-16.762051965133892,80.45522348856585,-1359.3334863410405
204,-37.10326820239973,0.28977704758175094,99.76626509397263,241.5806393251568
205,57.9861746668972,91.5044557621988,21.771917575087258,9421.045673953013
206,74.44330370614966,-30.110156051116547,-84.9817089275782,-3088.4025158409945
207,-49.83366032055949,56.62624671932528,61.201016991016985,5747.022525812285
208,-55.172606438974945,-90.14656370780602,-63.406387127392975,-9409.299935404515
209,52.86853811914963,90.73423516310072,33.53516604891354,9367.951504716504
210,-83.17961575477202,67.17119218090158,96.11255210798433,6826.523553997474
211,-41.54571780576541,-16.864534095163975,-81.76849446110914,-2065.528890439512
212,25.588584055928607,-49.73163783960375,-94.19974416039922,-5223.4679496963845
213,-66.34770084772845,-8.607261029578268,-12.317279529882569,-1084.528281543113
214,-95.22891591767511,-30.22458903687857,55.63500291596662,-3123.1513902141132
215,-50.5610108643102,59.98848634729313,69.7170690146275,6109.42966644313
216,-0.18971327201309407,-92.22643869450184,76.7386879871498,-9028.836923152241
217,-40.9785911038679,-13.195566133817493,94.16475405877281,-1140.951972846955
218,-54.51061088049756,22.11049326544628,-27.879798767738322,1987.5072239044928
219,-57.815996614152134,-95.94173203846674,44.90251780282418,-9657.894073089692
220,60.34592225855698,92.11634629930293,93.99249847955244,9716.759766942321
221,78.17324928114235,46.60940352790925,99.62795595950928,5208.116239550695
222,-30.728224487539705,5.954606899265386,-32.286171563743494,413.7885402757421
223,8.586647440028415,97.16217805641566,-33.96963354133122,9682.975489593719
224,-81.5890060822774,-19.394861662773593,-80.98886952376598,-2426.0873253937275
225,29.394760803365443,27.638129370255186,-4.503164973966719,2844.3992239899703
226,-17.218428126524316,78.6500906155687,-34.97088557624433,7747.679118653161
227,15.191915510068,-54.44136729680753,24.639404798437454,-5352.058590666662
228,-39.89273142842411,-81.98893936998577,-63.93662534925206,-8549.815661967456
229,-88.96776725900628,-80.49989130927948,99.08782277890708,-8020.010651627764
230,-27.33606535061692,2.464400114590319,8.692209465792075,199.65788796697385
231,-1.1357268103875384,17.884608566437237,95.89108957900251,2097.6003743332994
232,48.17566151693674,16.72458364063489,-77.27498056003878,1568.4619640552366
233,-63.95117041678813,74.22602270704269,35.92744673090715,7398.066884493893
234,-86.04420834399625,49.75825472040262,21.98368276022937,4836.139200740386
235,58.806191415668366,-59.3716308746125,36.603417025985294,-5690.236645157688
236,-96.57112604818701,4.527446567743937,8.111570497767431,218.52070017123302
237,91.58126614499324,-19.926036269404875,-49.42967021069753,-1907.6947486711633
238,9.61881763300947,92.53299382685591,-64.78460391396587,9122.211451199379
239,12.991412598753982,44.918839626147474,-30.157646989930157,4454.001588752514
240,81.5061213232072,98.75119166259196,35.22026661905281,10256.467210405704
241,57.5979786610537,-80.72439530254681,85.49533539774026,-7688.045766207961
242,24.495021709942193,-45.37700894632819,26.000678530770998,-4410.485180282019
243,53.50605551006427,-79.84533372751612,25.795461623430953,-7799.268130655157
244,99.42278241868286,-21.411355094094844,16.811890254790924,-1827.888735761427
245,-80.17588272505816,74.72330211352366,64.26594197570464,7494.063102154775
246,49.71006724624712,72.42801251993788,-32.90284063537136,7310.430202895416
247,-76.01991681700342,-16.625587678541123,40.34540681879628,-1751.3351942003135
248,93.50820544293924,38.36047607995013,-96.69039909527682,3803.9458357523654
249,46.664956310188586,5.1326565811237685,11.135557074003671,677.7009309638426
250,44.251995678775614,-85.61376918714952,-30.763243038079054,-8578.111100380484
251,75.97210456076044,55.57643716869802,-89.78335507748467,5509.320984288694
252,-33.173124409699994,71.09548176925304,25.027036744935785,7133.614046622284
253,-84.3541968454324,-31.103522075491384,41.282106608088384,-3226.306518968153
254,-68.65721882101394,-41.32707508363475,-26.16770840638661,-4423.102221194209
255,60.953269143789214,-91.06466321958229,49.512326819248585,-8833.242180766369
256,-73.06227915253083,2.6294773140764818,47.86906178563345,215.34812957175023
257,63.936549482969326,23.92973538641037,8.923429390354926,2606.693028250914
258,61.8116541506208,2.7620021025311416,61.47126588840692,638.3101160095812
259,-56.721907807889636,-85.67167166133629,-23.09780091281199,-8837.57557608059
260,84.34509372420834,1.399818700872828,-1.2213676511856733,366.2994233093383
261,-16.43007670504852,63.100169391760716,82.30686890547395,6554.691455820861
262,16.302255222854882,-92.05512667554065,12.61704537736668,-9166.95782853799
263,-78.15760244717704,-7.75522101603876,-68.38226875690366,-1206.6745453443696
264,-93.85002459736882,82.50229716258866,20.948647764305875,8102.566416362796
265,-90.51697423036063,22.282215874055694,95.23482994001523,2294.043466923188
266,-2.1658043372800364,48.86358506921039,-69.06113040488124,4687.966449466849
267,-86.18162612492692,-7.635196457734921,-83.22633793975645,-1262.682565415953
268,83.32171063049017,94.48401803419739,95.54724682601324,10021.721490592327
269,-32.64104362739175,-47.66301996392461,49.97557263442883,-4721.4051038137395
270,-16.238746782707736,36.69783249031616,-98.54503385896429,3336.3001840053444
271,-70.51077154890785,92.85629982634214,-80.15008890220645,8889.073662431001
272,74.32284799130346,-62.906123999357646,-20.524877790434857,-6183.637473355451
273,-12.358150311798454,-45.321429068378485,-43.21470605025692,-4723.1083527201345
274,-55.95044380107286,-1.807170513979301,-24.603556348170798,-411.3588484594731
275,-14.932358630384428,-92.17731717231597,-61.05964784276399,-9495.868923346185
276,57.708434428150554,-68.0987218967953,9.310777660379316,-6656.561331268562
277,19.818336394370363,-82.3078596186062,1.765700062424358,-8214.11110405411
278,35.721238468213045,-36.90411157389282,-69.91447294475526,-3831.7935532359434
279,71.79721800485291,81.67342329243277,-46.88499735857876,8256.132765693248
280,82.34424862082594,51.89811431919935,27.09609547770657,5524.490205659046
281,-11.631409953500423,16.885663019908208,-73.74342409212748,1434.1806848121512
282,20.33965909851578,90.85923000061092,69.75820346077808,9406.052684164748
283,16.45055673217641,-48.17264913537398,-43.349434768114925,-4931.563467328823
284,-92.18780081541883,-45.788041032893155,83.73350702041958,-4589.77527415576
285,64.2369224226307,-41.697212801886764,-61.69189504163408,-4210.085071843783
286,-51.176832611527146,8.581393680132152,95.37190349084628,1023.2253270804763
287,-45.09816178499526,74.34830875778184,12.87720197635727,7390.228800255957
288,65.8039887063851,-9.984297207708082,-0.13555713475064124,-824.8541592803624
289,11.682644598785274,7.36874700844254,81.28586282400013,1028.434798511448
290,-32.9756358227671,-7.520106240026408,30.000249241947074,-750.2864693655919
291,93.41125829163619,26.623525007255708,96.6099971903125,3233.271846982218
292,76.67813819162691,-67.8065210956845,95.12571829068617,-6308.13160221987
293,-93.33199468299782,-73.2138136580065,93.8513098204889,-7315.875560702361
294,-90.2964017417557,86.06902514693232,-55.94533087306666,8227.485495288265
295,-73.94089590082484,-15.310319138207944,-10.395154933267193,-1772.7235105096202
296,-6.412979763150915,-66.27327973292059,7.834984587345801,-6654.495758650056
297,-71.12264755249885,-9.401227823364053,49.52698949444863,-983.0562658562718
298,7.0835169307035954,-41.392493190458744,-22.69283486137614,-4211.423125666416
299,-50.83672585220342,21.652267512491136,78.97275861849943,2287.4129317802485
300,-26.847884042164978,-42.90632075126075,-29.94394406576231,-4478.78615209516
301,-81.95127044315456,-47.98851709857319,-71.62620327031657,-5270.757608085637
302,-36.68188395947914,-18.41623217045054,14.822746957540176,-1904.5831320747097
303,-55.99684422739259,33.16371827013077,87.80953108789348,3456.9744751145254
304,-70.6081950491832,52.36520451044419,39.019688241474,5192.3252039479585
305,29.18079212270547,-32.11962875885048,-8.108803789668855,-3174.2790955243813
306,-88.5660269313253,89.81206737055035,-70.44782614637029,8562.882522253349
307,-40.795357701001336,59.547593356109445,67.72615894535721,6087.506068044141
308,41.27385349719674,16.984864762252187,91.05708769598621,2102.784056789669
309,25.902413874636082,49.34737662552385,72.06275791913552,5255.077977018396
310,-80.16998533635618,-86.71618736319063,9.627554613975136,-8902.125932393761
311,-52.05406814975277,-94.45347252086394,-9.669764093869532,-9666.525593692035
312,-68.5562738704549,-14.39224995903048,-23.192330315274205,-1704.563516614647
313,-59.063110085431994,-61.793638762634416,67.07761553850438,-6161.539518081961
314,33.731532389011875,94.37709723616524,55.62956900595478,9750.010286068356
315,88.93185862842975,-14.39283658574233,-4.040544804164782,-1217.6676934412133
316,-37.576526718248495,68.47474510428387,29.22897348176852,6871.810066990288
317,-21.365641234929896,-22.76283627610536,41.96663835452031,-2213.7712202615494
318,75.27745201260211,-63.95109869396172,45.32306989437271,-6080.018167131485
319,49.63174274600098,-45.58482342720724,11.953961954523095,-4408.519836078711
320,-0.404422715130508,38.69345504265968,-50.263437796426594,3729.834362123336
321,-55.63919354951901,13.977627385889434,-1.5320694681933134,1249.7011705832288
322,62.615027490263884,93.81591859969515,8.110029033074824,9624.912660692009
323,94.10691359666691,-5.174842020636589,-45.342352158270984,-406.0001711187586
324,-39.58615175260949,-5.593644289459164,-34.9959647587885,-778.2707917128738
325,37.26563170015186,-10.010751303939955,-22.668787240929873,-976.2179320173028
326,73.10395600121487,52.513408784925616,3.29071747281769,5488.444167111868
327,-4.9719814582835085,3.011950131128046,88.28643975815424,566.7334164602808
328,-90.17143996946848,-66.7727715638153,79.57062810168708,-6705.384776136225
329,-2.8905457982122016,11.895517668395271,17.45009182193502,1243.51564606785
330,-95.05589812639481,83.75376385956494,70.50447033911183,8382.181175009922
331,-73.3071298454836,58.73306048559854,-84.70531118699228,5436.1594525747405
332,36.75815910335328,-52.58917346503262,49.65577406183726,-5028.122300685237
333,60.685794493657795,-27.546875709276392,67.65003569062426,-2391.628431537256
334,-34.44372091861294,-34.68238248468822,74.51195678543525,-3346.2804967126663
335,-95.97349141779603,19.735873196430447,-3.797504021612852,1711.958734725663
336,2.7941100538021004,-40.466663932463945,-6.112171571679156,-4077.5202811492095
337,62.13165722438137,-99.81395987406619,75.42376993891992,-9624.276761050025
338,42.60062325228449,63.73652970271306,84.42059696268234,6786.951602368387
339,-59.477943701455956,74.7175158130697,-89.97424852565015,7063.0290504584555
340,45.14340057531402,-94.53324513807951,22.470837602773287,-9307.491720721391
341,6.635446719438008,-59.15592967159946,-11.781879836071084,-5963.630681357337
342,83.93839775794052,-87.24800266983392,-6.544192376310249,-8561.711944520152
343,70.43259220092318,-6.5052711652374455,46.39242062835274,-315.17593234076736
344,-43.61770715867321,26.144966227031958,-6.392689157875878,2488.696252892875
345,27.570305617637402,42.05195014246536,-44.98481141845674,4159.510504406097
346,-78.7988620236392,4.482536985014818,-67.66859586096425,23.750378718216698
347,97.19011509525043,24.6019526289887,95.50272650966355,3036.9855004137844
348,-40.940573488790854,98.04804396125792,-2.6871949135923217,9732.246112904972
349,-97.14269613078696,-68.14695000641173,-70.55627861384393,-7334.143327952576
350,-68.21943840473345,-15.987075450950357,-18.79423344262527,-1851.6433123457498
351,-32.1520383462441,13.570006130782403,60.9860810764271,1469.0264168074866
352,-21.127459610920113,89.18943777249777,-62.15045073728005,8709.978388053756
353,-81.77911696532868,32.38503172638764,43.061803986005685,3166.9373140782204
354,-31.074971831312496,-51.08288597920141,33.506703175767484,-5114.283289660207
355,86.4427755917493,0.7715084789023905,53.406401586247625,480.4294512561059
356,-84.5071143519752,-92.91751823745578,-16.266300959098956,-9618.780764505087
357,48.340428996741906,-34.68653135677893,-26.09748052920733,-3438.4117707160094
358,74.9850844159449,27.124930371148338,-25.261397947961427,2850.946816111323
359,66.17006493384335,51.18592908027006,-65.62295514689302,5118.643703060541
360,39.220836770177186,-72.83903512333683,90.79773704856046,-6927.525381070666
361,-10.817923367425664,-84.8733413788858,9.518646588653894,-8530.524589422153
362,6.333387887485273,-16.734928496638645,56.80617803827431,-1484.6754292328087
363,14.406359280926821,31.310739336526183,-63.98791324778199,2983.4177106822244
364,25.425804513720024,-42.13914664375089,60.51380497983919,-3974.673802342684
365,61.54369016038092,-30.302255732104143,-40.48633806315398,-3003.7050908594197
366,6.6646130717996925,-3.9224992348329266,-90.14804078063186,-658.4874535003968
367,-24.616861516718444,74.43216700141897,45.74200973223026,7557.934311595841
368,-34.46296261972006,-38.114609079497995,-83.73974719597712,-4187.854923304841
369,84.18254999710175,64.7422587992896,60.90696863041342,6925.693710752547
370,36.701850868103065,-81.70424917374717,-2.324273820008102,-8118.007560012313
371,17.197557961434697,61.00452543111817,-0.061846577213529486,6177.387128196492
372,-93.33326487811308,-11.16277643018249,34.841690526145356,-1266.8615630513236
373,85.80037131521391,56.30825547160376,-90.56284630351323,5606.8767065247475
374,-38.310808741769705,-34.166901756884656,21.812219716403064,-3470.807545594958
375,-76.97302585386203,40.17569459301424,-54.58459793257835,3659.483851229559
376,68.71014960273703,-30.059857044468984,56.595741557867484,-2655.9707268257353
377,88.56707121204818,19.544974959793592,-9.298900650442832,2176.443343443556
378,9.04230475470122,-25.495819580810732,-45.254667831969655,-2676.85197600864
379,71.25300262745375,-24.447344654333108,20.736168991880305,-2197.5455190434154
380,-98.70583233075578,-9.590784360639873,-6.552476190365454,-1254.7941806720585
381,-11.179537577215996,-39.83204716526454,-63.974523536997886,-4234.306561969942
382,-6.285952317256459,-75.87264795465778,-11.115358349716018,-7677.869608162371
383,-40.93862697605797,60.055713944006385,46.19476824995061,6070.070575014775
384,64.04263035012318,65.80645291528685,-44.99263570236012,6648.25698821578
385,68.86185098582715,51.60812278357864,61.23264219801456,5565.430277235282
386,-90.9833098653294,-28.27148029120184,63.274631952147246,-2889.533505865457
387,67.1316374910636,65.12774359935031,16.989819802968256,6780.531090793689
388,-12.545092611173956,60.67887128180848,-76.72702195428599,5822.787200187328
389,-17.25075549236685,92.96585742136608,83.04644871956057,9557.606721805067
390,66.02260056825321,-60.51437636998009,-33.86147043089413,-6007.899945104293
391,70.11958458593048,-96.47824163661546,-11.819637467776673,-9541.103453518792
392,-21.494545754494638,4.991428415161337,19.604705257457695,504.64156304855896
393,-55.119836048213536,-5.768636764978098,-5.811844015923512,-747.3888840251948
394,54.24564961988693,55.017170464923055,-69.68667289474995,5456.913342538131
395,66.82225502849789,38.91468023386136,10.608961071133976,4127.094587271773
396,-78.08218093878352,89.77656355932771,15.323396958438138,8858.455567395229
397,40.90057634672709,-81.85519167595699,93.4542343722423,-7821.194811015334
398,30.697482642575352,34.99365636900083,21.191808586987435,3666.40042567519
399,-15.530051095887856,89.72030960157875,-75.82768571393517,8735.166374307448
400,-21.158711378552482,-72.66617382970695,-91.93409241321203,-7648.758035886058
401,-95.85332227460708,66.89004982281006,53.5423950639468,6629.119371766963
402,-85.09821130421007,58.56205057299999,25.555630048648652,5735.604372196362
403,-79.96218483665174,-11.68921080708607,-70.9334089041819,-1615.0765469485996
404,-66.00138358027993,1.8069329124844842,31.855248073687193,102.00336808767912
405,-44.26545335495737,-93.15752328992357,-47.66596362239617,-9633.53177170628
406,52.34242596067932,49.99928268992278,-15.876032375456518,5115.669688752684
407,51.996830821512305,-52.825367292241786,-83.69754988223177,-5430.897026563014
408,71.92969287228485,-78.40618669336546,19.59101997549419,-7621.855969619611
409,16.152384889951207,75.46041020122965,-68.57228815953285,7412.066756773438
410,3.358156868230239,15.825414165432989,31.289136235559567,1697.3046383865153
411,49.23030898146078,-93.25493034721227,6.787243076953928,-9218.259032063943
412,17.18173842665891,-20.426476247581334,-32.193447232322626,-2109.2229316148614
413,-36.71871323401452,37.43257691972025,93.87900500834726,3956.9493240209813
414,12.341890663376759,-25.00769183024734,26.29578795105975,-2395.7582899363933
415,99.9472808149441,56.05475580485805,36.063371718599,6017.69570154105
416,-77.39617596319208,79.22977966142491,15.459346653220905,7801.325849702837
417,85.4013543223679,-85.51508399398492,-19.04565882792275,-8421.365056133849
418,-30.10322414253494,0.0836511199781853,-16.43281211562612,-126.39333619137322
419,-94.49337283324806,6.669973836451717,21.581921387411953,480.53290336900403
420,-82.69082995218709,29.092535270671732,82.72915989380243,2959.644734601862
421,-45.30283202416361,-23.285252180913346,10.157686636505161,-2431.9201632623444
422,-68.48677749473933,-72.13372717669107,-82.94652525044448,-7693.424708374911
423,-94.00765175473143,20.58234156802483,80.37967740468517,2066.568737539163
424,42.11859157297289,68.9826669452263,-62.13853599281043,6851.851460744479
425,5.458375639221586,42.93958928728924,47.381640851171056,4477.458375759532
426,52.37023495395118,-54.83418819326775,-55.595912176792694,-5542.205882918454
427,-78.05774778874206,30.91454945059371,71.5937814664293,3119.9979708495034
428,61.03475587999813,24.161366282397694,-72.01072725189994,2368.1161309717704
429,53.49827829839461,-42.94933066118107,70.84179431941726,-3949.836887959888
430,85.97161037762962,-47.442000333297884,78.0872769412137,-4289.965709673679
431,-30.048348271967612,7.583331561693754,14.333998385127188,726.7990934842455
432,13.971761525104526,-71.16744069650152,-89.93223681534224,-7395.748363878357
433,10.411963720493574,-23.418446329957803,-14.668315790107371,-2371.3074863828633
434,75.85388845660142,15.302904770559906,58.02681173046153,1928.051087863795
435,-65.55626394288723,-10.650487632787133,70.71847983244464,-1025.3028430253478
436,42.845368557164846,-80.20176678995601,80.69829886237468,-7690.068336340729
437,-94.060563525698,63.82802610900248,89.66357319465394,6440.444850702694
438,7.336256374219289,-25.81747953559828,-78.90817177361652,-2823.4929967025055
439,52.63994442605039,69.40483370759253,-11.245607792446009,7080.7423154294
440,22.47999274156713,33.944443041376815,27.739534034191678,3559.7431138294155
441,88.48537180624015,-96.65984424291312,-63.40241649552789,-9672.530707816297
442,-76.37894480800603,-44.448372257848526,0.4286797259958064,-4674.170452352058
443,-77.91113871684736,-24.849530856746966,-95.9085462965141,-3010.658001256986
444,-59.60270264284242,81.39581452573859,87.54633969569477,8292.987372779418
445,-88.49270325579978,-11.313041787861565,55.41016207253563,-1202.86334994237
446,38.62155971990592,89.0181562316852,-59.98129743767697,8863.721312699812
447,23.802624070730616,-38.17196941458207,-70.15341312132999,-3990.729565411899
448,31.0081096861974,-58.919005989022,5.9560823868621355,-5817.869859434344
449,68.21185670176973,19.143611476260176,63.07518661276313,2307.926215819528
450,5.889353802863155,-76.1593327750542,61.29646643910402,-7444.964557765289
451,-16.74915815905156,-90.90109156357735,93.38454499870673,-8888.284415648015
452,6.01302165575666,30.53453468411658,89.3849380260884,3365.527866450029
453,25.444219038989942,-33.11620568029399,-32.70824179448981,-3362.3625333484792
454,-46.23866867495692,-20.29707294412424,0.49119441289097665,-2164.7661767907343
455,38.71737704417839,-95.72627700244685,17.003004333781433,-9463.849196511565
456,70.65735855225853,-86.64177138564352,-38.51353249273648,-8635.682116396425
457,-83.73468010313185,-78.70796603762355,-6.096933836643942,-8157.330696978396
458,-79.99718317443885,88.21734984401704,33.36860843983152,8752.67672812163
459,-31.03155842960328,41.84597270053692,33.069704005782256,4224.388139155944
460,14.473001684274607,26.715951207996852,-43.66114650705708,2586.6363501120795
461,-22.669323442144204,-29.55303664449798,27.30612281567602,-2945.888992579298
462,-55.11092060229031,-95.32884994944584,-54.868330286388066,-9904.36513114433
463,72.20069186570436,65.33478161173946,58.17866872912353,6944.14329642444
464,-3.956341732639615,98.69711887328918,-96.27486690548648,9606.659094238337
465,-7.406804778392797,28.995017857644257,-65.32503441394846,2687.954606270582
466,68.03733622895959,6.637683861801406,-55.99255185979231,676.5454541243093
467,-2.6629103461913246,-94.17825539122188,-87.465278630808,-9747.684549692358
468,37.19822829367081,35.7255117783929,-73.16100662418859,3463.1852244990782
469,-14.15093457220837,-42.24455434914505,91.60459972160143,-3995.6881271426587
470,69.73275317192241,4.215733919294479,54.34471159018136,783.3337749686457
471,96.21660642266409,-10.218280075869203,-96.382092300406,-1067.8364386874675
472,-92.28373620806371,27.25352227683055,70.97203757653477,2711.4267923943316
473,85.68741175623356,49.686552112469315,-49.011475166911,5072.98704694044
474,5.317679759486495,-59.41443310105037,95.83351245774298,-5656.140724303594
475,-33.37841524129979,78.3769966796149,1.5572246659824032,7791.688103077109
476,2.182776590348425,-49.73126585328569,57.934284020832905,-4809.544231311841
477,-25.13440751150216,27.900131743284447,-90.84759155602771,2451.174430097767
478,95.68439021514169,96.16112739285461,-69.36433238880852,9705.542710648955
479,28.134539191119046,-90.08827531632919,-90.26028834731872,-9259.884248040833
480,-76.36094683010701,44.198688974352365,-3.7786939517265665,4224.333404999343
481,-41.60774886948004,-55.08824143663054,99.462243497891,-5338.9598370110225
482,77.76663839574877,25.967282668686707,83.27497066682693,3083.6987069004613
483,2.9187639605021474,2.8487046492846844,80.76902142379296,547.655405738597
484,-24.057737885431635,-79.9251147635571,-30.973606706747873,-8195.761017629782
485,-95.39244774742424,-44.475469790977364,-27.043338136746172,-4815.850848941543
486,56.207675401528434,78.65928170615697,18.87973235469657,8117.030176614122
487,55.28496319555953,-18.834842491432653,-95.4273344390419,-2041.6162956023518
488,-69.49047458927973,-37.030578509433035,55.51739690032923,-3734.5970431375604
489,-80.2375335033997,68.54864513107813,77.71593867114751,6913.746016887005
490,37.3988564066822,-64.38936077365096,84.36386607663133,-6103.580143636339
491,-41.499091517046715,-61.23053220786867,-95.70350803336297,-6567.486803545777
492,45.792533576335416,77.1916130015743,64.84265586725132,8086.65126919187
493,-43.91247489966423,-30.910705130148727,93.19449358408426,-2934.1055516189667
494,62.46998474771834,-43.86216760332455,38.275848299517634,-4117.371767199276
495,-43.29801052223774,-31.797531234815864,48.65593554717219,-3161.1674872988337
496,99.84796101792054,-2.439784745441486,39.67766043142234,152.05653375979162
497,-83.55656897214104,52.72580541512667,63.82981873962245,5274.021878189446
498,-65.8045988100175,-79.45317583086381,5.229778219733234,-8147.4406047301745
499,47.92506083484923,5.403149376110221,-71.53260755792937,447.65834498821084
500,-68.84825961957823,82.11061862948884,45.511635079216205,8207.254892743067
501,-81.56358699966376,46.90097293349723,-12.289748333502246,4453.427346019785
502,-0.809669254634187,-14.169610758715862,95.42389190172472,-1127.3427949379336
503,-88.34708082544276,-48.077946009896586,-19.092018366986025,-5131.442967301433
504,-53.74488583021226,42.361142367858776,99.82808113406014,4424.838029238198
505,-99.21581511491149,-68.57899841810513,-87.71257921774682,-7438.841277407262
506,-36.38904458481713,-7.922783869474287,22.795744202725317,-823.8285139602388
507,82.87307401525453,30.609299685695703,-62.9950279919552,3102.4411795830692
508,38.554521319475015,95.31740700772221,-17.378544946474122,9629.132759667877
509,20.011563114066604,-84.44171891458544,-10.306432770125951,-8465.046177359338
510,-56.86364867958416,-76.82776150563046,51.42577173794899,-7715.055558418528
511,-66.80269775674802,-0.36794708896323414,-10.099728330529217,-248.99049826317034
512,19.22483776440866,4.296982702241834,-1.159408484002114,478.45285019787536
513,-41.046059054538816,-89.45760424236163,57.856170927708746,-8921.714726239665
514,-12.016050912626383,56.61840781377447,80.8049518527697,5911.9361145537305
515,20.48178584382572,13.185366648098523,-74.4507295697191,1149.0888666006454
516,6.060112244241324,-11.404455390629437,-71.02093616670473,-1352.7431201573897
517,-80.1408991379712,-0.7164619698154979,-62.58307972515733,-485.1696655451716
518,-38.96706380940156,64.01701964396145,40.41030046925093,6455.184555418152
519,80.02375517971706,-58.72914507635385,96.23350301712824,-5381.492066926575
520,-41.01766982276034,8.810409362331313,-25.403602029002855,694.2383826193337
521,-96.91481497995152,62.09463404509623,71.5653278051935,6203.1240804696145
522,74.4776770624704,-57.83438679298647,-4.544704357059743,-5622.846779017141
523,-32.56223150573763,-47.50977682776967,48.732864916366225,-4710.323388163514
524,80.6466712596098,-60.13145719347448,8.507956360663755,-5797.382116942681
525,-27.366297026438573,-4.687846905150323,79.98029796338454,-294.84019935279787
526,-36.97555916812314,61.42910213551883,3.918783735374575,6088.26491286188
527,-46.777696307216665,79.45911651815717,-51.19424615551049,7696.705991038449
528,26.42122493422758,-57.795185511381696,-15.2649689343001,-5784.4919813597
529,-68.28871822564938,85.50294151568971,-97.02915246870181,8102.321344612829
530,68.7655862002822,-54.623470257684744,52.74726433124505,-5137.644819198726
531,21.876899153887223,-83.24996061798035,-28.586194445527852,-8397.000269452552
532,-33.461734279653555,-53.18264717857966,-6.966461659725297,-5457.931042759076
533,-4.554042404352245,-66.70512719874148,65.84921853965812,-6508.956297750532
534,31.309900224154973,-28.105712886435512,-56.022950263628736,-2915.8229655512046
535,53.328250370638415,-70.48063625662067,51.67179376376171,-6776.185443908095
536,48.53333940555251,-46.61122118986181,-46.3278097693206,-4698.979636640472
537,12.515805232268164,-92.75799020697005,-66.04219175878015,-9494.977783835944
538,-87.29863977212047,76.45534068564004,65.86237313832393,7652.65196841044
539,-50.245188967408374,-90.45011363341034,69.78956707078606,-9007.765297228532
540,15.23139953466854,97.89018943132908,38.48834275157188,9999.976438166068
541,-13.25522936442998,-25.01993895555404,88.49377554990093,-2273.363282536603
542,-28.491396009259603,-73.08535402193151,30.631222281803645,-7325.51297455153
543,39.947652540154394,-26.434717167128326,11.982858431304905,-2509.5149438314747
544,-78.92950112405876,2.9568333882763227,-68.11490569272402,-131.58741754409647
545,-42.205211948814195,50.96630117888125,-73.20819134414782,4777.044604228757
546,27.09084088262712,44.73209788337368,-1.0910261853611445,4565.364962914611
547,3.2697238233466663,-71.56906546773098,-67.29019383851113,-7396.268482594842
548,23.54278704897122,66.09040088021834,11.60994381224036,6740.999807240888
549,-30.12369752221855,-85.93137949558978,-9.536232249446257,-8748.469999422667
550,96.0148986454538,-65.13617131705155,-96.2134497681455,-6587.323724622706
551,49.48892598594753,-19.22300514077368,8.66201181832524,-1769.9497254061234
552,54.96462090396824,-60.430660292632666,71.0736181733414,-5701.840625346926
553,-92.91774260868566,-87.33726807900584,-55.924801778684156,-9204.1777229816
554,-39.20453794165548,10.221437997783724,-23.65913714572079,846.0086339112769
555,-92.80673907351127,51.65514984186473,94.4258085633274,5234.577134552566
556,44.340386508199714,83.56228341039233,75.12615763219935,8754.950283775084
557,-10.009475939992413,-86.20371233706123,40.16275706186593,-8564.659162998327
558,8.784258579238795,-4.784893288180882,-4.610576529452956,-470.29882799049545
559,64.875191098523,-27.088000991565607,-92.92949505349479,-2835.096012667959
560,7.114994634406074,82.66335191556169,-88.81297978109193,8047.22121264248
561,0.6905628160010195,-85.80170732247801,20.251101565155864,-8557.73666715164
562,20.8577591778907,-85.21451462098426,18.477502212669833,-8450.104680856926
563,76.84176742419729,1.0517667655864074,-73.3069345382906,85.64036283767669
564,-20.85640146956959,40.530414022140604,71.78794475045149,4242.497540824383
565,51.43012451629818,93.27798643344101,-15.069906715526727,9466.491824775234
566,87.79310069785163,61.37504240461084,-27.036957031485144,6322.822496887521
567,23.543825792417877,-84.1438344786777,-96.03540266539643,-8692.316856319652
568,19.2450783571052,7.338026757715198,-94.99451307112152,491.11914428874826
569,-4.425435302728673,50.02129978399202,47.29639226338128,5161.569079160402
570,-87.9297542098006,-46.939416005252774,13.681568635107482,-4913.398250809112
571,28.722542787018142,-41.44643600462186,69.0660379125359,-3869.4263038901986
572,42.34596482770979,-41.20688129234755,98.8489945944813,-3715.482721653808
573,-4.275198456708324,13.42213125875071,-60.1927952336633,1147.1120079734872
574,-64.9552500724236,9.765400174089265,50.98402942295593,966.5119598284494
575,89.78003740379037,-19.490396816842036,62.7822304948526,-1516.0971327583197
576,-25.59054263602343,39.26625310555568,-64.07186550584372,3675.6295973825895
577,79.55768722426146,-61.63069619540473,4.222163346625479,-5964.586046864931
578,-37.32259186466966,63.97284143160252,-59.06722944687031,6142.710141346267
579,-28.987140253496378,-6.722337663601223,-75.71632184445507,-991.1760177361559
580,-72.98697858652318,35.03950138811092,70.57385822344781,3546.2634511912206
581,79.664405078015,0.7559576875104028,71.80790419689004,518.9490494265075
582,78.26368548281917,-38.08961790435519,-4.252939811717511,-3626.2243298580365
583,33.04104209345141,-54.62252901218512,-51.05319141901787,-5561.03014382424
584,-57.743608516311305,76.7870047895843,87.15848492276737,7836.35623355952
585,42.82030162300586,28.114858673068653,13.148988804574174,2982.986992859207
586,60.080856945156256,3.4043711835726924,45.95548861744393,649.7371316629752
587,-58.89918317239879,69.42246782620128,95.71302755702382,7117.973797458634
588,69.14835368742962,95.18847078796753,95.84481942006374,10055.39821625364
589,-65.16651073522819,-34.58856216992132,96.47339828074774,-3351.681584412755
590,-18.214736016112013,-75.61226440026641,14.053652776584855,-7603.428699948577
591,-94.0006246609592,-17.30693527875053,12.652014031251142,-1953.640437138919
592,67.99480350513335,43.6695351466621,-80.84447229406575,4319.913927901884
593,-53.23644572919177,-81.77642516745209,34.457387608408055,-8256.518612457405
594,-48.09233873960799,-71.59683554722942,81.41888918280756,-7070.372953518527
595,84.9695552218326,16.385599298015265,-18.45750461988007,1817.8368169495443
596,26.917429690908847,-66.23894063719197,82.16211029139927,-6325.956573840781
597,-55.32336034076215,-63.15004960065242,87.90791850816387,-6220.934327028668
598,-10.696057421038901,58.212571211945516,57.21446446650529,6001.091375129376
599,97.22082123143133,-15.797313703212495,-2.8703773946106708,-1331.823338091584
600,93.63226020615662,84.77744288079913,55.84901690217737,8949.882246682862
601,-23.832234587571094,27.168703424708383,48.60049754247174,2818.3889839529584
602,-76.33314707528969,-69.63154258413404,-96.23956052231672,-7507.425787442969
603,-69.34079642314161,62.00565967400729,66.47067351137596,6250.06932534335
604,7.164576174037293,30.423572398339843,-74.82139742211864,2840.7469498617675
605,-99.36271773931028,57.12483915332629,-75.88222546337364,5231.811179156924
606,84.73104371842226,71.41305557266108,-87.96437799846848,7128.493132601602
607,-6.36493754972976,47.56054297351747,31.528170438647834,4861.26663372515
608,40.38800118963539,-36.45884537180801,-47.67643584155235,-3704.6605595855895
609,17.511573351675835,-10.64256999404816,72.77918842119897,-793.3487245668653
610,31.465156365038098,-74.91730533763842,-48.09123109113793,-7595.962247348534
611,52.21900700471625,-28.742526080875933,-57.40983577461638,-2927.1621939799425
612,-27.667130185079984,-0.33907108175445444,95.15157347788576,190.4472939328582
613,-13.658827867631132,99.49421524560327,74.08202493208861,10194.472233202041
614,-59.75266202720688,39.5040634653634,-56.69474254344507,3629.539136124538
615,15.776112682536024,-87.32644792409823,-70.53875885521148,-8955.226728507207
616,-17.49874601901864,-89.46612975327697,-54.013115584412,-9208.942766540751
617,-73.84041055362063,-57.646713170146604,-39.264223894763894,-6116.197866695552
618,-43.26068603964792,-64.96413943830814,-61.758087255436834,-6839.208537196381
619,22.70774068288442,1.5683177381651063,78.35218471224024,465.8420503818457
620,26.826582549628327,-29.10003539691519,54.47970027820401,-2679.5044845081147
621,-65.13773553456512,-85.86483109386809,-51.66587967249943,-8969.448624927461
622,57.66881259276397,-27.56740344389263,-53.05954409479041,-2779.788647114035
623,17.886421625165212,6.780760012410653,-58.593987993480326,544.5654443376912
624,-64.37534559841248,-43.12856988653664,2.612028740944595,-4503.641844218588
625,-93.08833703318295,-47.37617567469168,10.154749139819003,-4980.799190439078
626,26.60911279377585,82.04345458202772,18.515588768426667,8375.815132002397
627,-59.74874998754516,53.190772365376404,33.432666489095595,5288.816036603979
628,93.22466992888522,41.95403860640192,-18.821636382359358,4410.379838269378
629,72.15232606150312,-20.243643790439265,-52.52621022276469,-2004.1488181814136
630,26.351413525527562,44.35694171039714,49.67334105316647,4685.082189048028
631,-7.957309095074237,-32.79185597141354,-36.3223144593487,-3433.2202559634743
632,79.86296782335009,28.309445453280176,70.73383770566986,3282.935468682916
633,-49.76930060774196,-31.293318590901833,-57.57312617725346,-3460.28214874616
634,32.90786444681237,-31.2738852893051,48.07559295338223,-2904.052446735594
635,67.19721879218193,-56.759813868464846,-91.50828695973922,-5809.187915998659
636,-68.9575542514846,61.91905458451217,-6.324111529920629e-05,6034.831832008061
637,-93.64162346956289,11.713179291789459,-21.46858727619791,855.8213920140138
638,-44.96123908253147,-21.896002892842176,-98.1451180971608,-2631.7699123340744
639,63.58240981164559,13.033915695136898,-72.1958396931855,1255.918906228618
640,50.06886717156058,32.993110471438484,14.347487953232488,3497.7287661336836
641,66.09449263365505,13.031584759867656,49.531455035579256,1644.5244463182198
642,-56.261040585919694,30.63233753356934,56.978587503519776,3106.417964851258
643,25.08039348209114,-49.635305641193916,-45.75133707796515,-5064.929037157362
644,-16.248681877767226,54.26586677254099,59.86590506228558,5595.534932638079
645,13.461616673053896,4.1026717354313575,-86.77733333714765,175.56429533122667
646,18.12563566517302,-34.41641129075856,-68.10097000415978,-3622.848290974824
647,86.73174059425097,-28.725083762105427,-92.9387228931934,-2944.4535586606885
648,61.45026168788036,77.73544801730884,-40.41271163128104,7855.076877458548
649,-58.57365781588153,-22.621821200273345,-76.91439449990287,-2674.557127544199
650,29.71709490177423,98.11576493993076,-53.87831182125162,9771.608361699098
651,8.547154787942901,48.88434704049422,11.782053233033722,4971.4950527983265
652,14.892544200298246,-79.20512102053372,92.66208535597772,-7627.666906864575
653,-91.05895140083516,-28.81182809720005,32.16078500815408,-3041.7266154466593
654,35.13654982695644,86.75832645442091,60.74905155453516,9005.36638952271
655,-32.911107362617244,-99.79567304127536,31.812036239978482,-10019.170351532395
656,59.164833896044655,-48.02662061662477,16.537899009752536,-4613.473257035073
657,62.37236704368323,22.25719600032849,-49.68219734943453,2252.3994692966985
658,-34.13960023287355,69.10002840383791,-86.59012537721063,6579.308272841184
659,-82.78149941971236,0.15984876546175997,-36.50222565653496,-322.6074464532
660,73.42686265753053,81.53440286594838,62.75655007049147,8591.516987866728
661,-46.18460819825827,-90.25407117856345,74.42452901878133,-8963.23161997576
662,98.7315872834935,-11.613193736016413,-17.08449878710651,-952.1319849445701
663,-22.315598032560118,-93.98607828225427,35.568893700116035,-9393.14298123498
664,37.81524269914897,69.82570945216995,-3.2316593155948397,7108.19666348976
665,-10.896579058456041,-52.05168946570653,-87.13062594723478,-5534.437737974649
666,-81.56782808408256,-64.25324854704053,72.96136059681038,-6450.400015735684
667,-66.36021385507681,-27.127794482684678,-26.541860774919,-2991.807380289668
668,96.54780927277912,47.3629158974025,-58.491085041453104,4838.840704177244
669,28.469579323985784,20.13658789604193,-72.51891935929746,1873.8710513860447
670,-77.17116062719441,-8.175278549264092,-80.20567260669631,-1284.591922893309
671,78.693779470858,-24.360698202423464,-72.1794891092629,-2460.7023629527102
672,63.69012746579307,-85.65937383112876,86.29713265744294,-8164.958451071665
673,86.89599564802427,-64.29398894469466,3.619530001437937,-6214.529071506599
674,-49.13652589798001,-54.687780597421835,57.871536072255594,-5448.625630388871
675,-64.52327855266205,-53.977004033079076,0.6204764212596388,-5598.484539589667
676,16.0323113602646,46.5990052292434,-45.46120878428874,4584.741140160968
677,68.26184419343423,54.23138447431651,28.5167227917496,5724.845363972797
678,14.058658453330878,32.99807401024697,32.262023775569105,3455.8697527363784
679,-45.38600925371432,-36.32494908672055,94.28185807227473,-3477.4226285384557
680,54.51760725541354,-61.569570450295366,-40.95171219737641,-6169.66380772905
681,55.8900803050351,-83.96557067297013,4.987976896390677,-8269.978230403069
682,56.88085706625495,-58.061434377841124,-2.5810424970124046,-5690.002973764455
683,-47.25081402913553,27.102101927828542,-4.184550481142011,2582.742569212477
684,-47.55876348428802,28.059871808818883,62.23190240226509,2885.5965985512985
685,39.70162659984345,89.0818467679778,60.41617516605257,9250.979857662516
686,91.35106483383575,-72.13620551242064,-22.397104867512894,-7070.8689136182975
687,-58.88705004251615,58.58944740940609,66.98809086069616,5938.92726041606
688,67.71530207507121,-78.88020206329742,42.660193380341354,-7608.054961048679
689,16.08822615209928,-19.66664917263752,39.96120496204037,-1807.4521220557426
690,-58.41011010728594,-55.010004500117745,11.119398931740506,-5654.110459202972
691,49.576356827946825,30.0668779970849,-9.643228340361333,3125.2999089085097
692,-78.90693117290908,-68.82555552005974,-74.96450433935568,-7366.328512287883
693,42.285210428184314,55.37964352466565,35.164642184922656,5792.682788587289
694,69.26322845407435,37.42187125184418,48.91761423524028,4104.884222143532
695,-1.790663530940904,-37.46260106066028,-43.05373560084305,-3905.113422836806
696,95.55171600806389,63.54568531168391,-99.67285652655238,6331.519147199762
697,72.04598871248925,-89.95005891003301,-14.800471924824592,-8890.434872558566
698,-51.0759361407771,-96.40658065283354,-32.32846062122641,-9929.811915669288
699,-47.556168869149815,74.10246736981742,-8.53075745768281,7292.469186986375
700,-15.122848313502658,95.91297637600178,84.65969339877299,9863.57192018755
701,-50.15748841393655,95.40312744489609,-43.97196250088589,9312.288143803435
702,-37.66410983080664,-30.063528456495916,74.46411011656167,-2889.9825890149887
703,61.33474895431334,19.106454881502756,-49.54414030101635,1931.8937543542825
704,-84.57551913093424,-84.32864174362938,60.7697308820139,-8513.163073445572
705,-0.8661056671806762,-93.60794397375388,42.5678510483888,-9276.30535084528
706,-79.43567672911746,22.056161076928092,92.4526990867636,2290.0746888601275
707,-56.979448312057166,17.963030568202413,-17.661490788636385,1595.8647708342721
708,73.53161892437245,86.6772885221614,-37.65436374480602,8792.235132551386
709,-67.29867055993299,24.333558324070538,94.24587287849346,2558.157851789915
710,61.3100551735518,83.20021488680891,-13.075007599410455,8488.253112796987
711,43.996061706878265,9.383788749387094,64.88939172255064,1266.7294135101224
712,-34.55255749487294,91.7315796386967,-62.97221423872279,8928.371727588546
713,-56.119148672870644,60.3679419268407,38.798599182336716,6035.265357608954
714,28.10956307725013,11.599617741985014,13.809765888016386,1286.2010034712039
715,-98.70929288738783,-1.1134039302675518,-25.794976309005165,-461.3514702222201
716,45.90848610040794,-80.4527555552488,-21.936311210088206,-8030.244033060597
717,-95.00483634583065,84.96785037940009,91.30522883471903,8568.780740626422
718,-33.7522038829259,-29.924340803613973,-43.53056580121972,-3236.277785176425
719,27.602336707190773,46.60104720410288,46.254618737009935,4902.912094650176
720,10.96679382212153,-81.06173431870516,4.378627777403793,-8102.696030634626
721,58.65538444541309,-39.079456139015754,42.438797767872984,-3633.5926082346236
722,-72.81559477305694,30.508492861613945,94.76925427558044,3165.3444840750835
723,-75.05319307708238,-32.43072979035722,83.77354448790373,-3199.9848505447476
724,-95.8364008999281,60.46139793062841,-96.75131960723593,5512.000606522772
725,-73.48843666455215,31.822461956755376,0.14741540273628573,2998.4494749984383
726,-94.49636994653676,16.87178535111491,6.556351444900727,1459.2737926517625
727,22.540176062654922,-91.90962429250622,-19.957690407014354,-9238.71780564319
728,-55.19343855013699,44.98021186349209,90.28020180287061,4655.474721376905
729,20.48156043644596,-70.35712748602667,99.49888629145866,-6701.928363856596
730,-98.8283610576023,66.26409051951956,-3.7262612033600107,6378.602863690658
731,59.01682094348993,-41.68987091601706,-76.24393556049273,-4269.033981628081
732,-61.83685375557153,-52.87402930869558,-58.131924356352286,-5664.912402233692
733,37.96126087731514,-2.8114995134213956,-8.009546021834751,-203.9943098116957
734,54.868823609702474,72.41823148766758,-61.463561525522614,7234.136507325593
735,66.61253932412544,43.5255039922593,99.71113614266068,4867.240602822077
736,-17.766159076629307,-49.44789515303918,-60.85953035033573,-5209.496474466451
737,-58.06941914156709,-19.867337255215986,22.606228178946225,-2084.715954333515
738,-60.721468267179944,-97.25281557767973,-52.16037370154876,-10101.884386466449
739,-37.187948844251316,-90.71661505177144,-35.281203310058544,-9328.43390591915
740,-1.5877921129299466,-91.21649039576792,-75.87551859665285,-9407.80480051373
741,-24.235029148477594,-77.165145451428,-19.216040357229275,-7881.280337378498
742,-22.51332892473141,-11.386160330820957,80.97412510282464,-950.4817837437166
743,-22.31367382871055,-73.09200167093697,47.96484735012578,-7255.338367360495
744,-22.76158657033227,-80.35892598217117,45.3440038068218,-7996.346820057845
745,56.75937219064781,-51.54511308766965,23.421143786785123,-4952.27341698034
746,-97.99354713950204,24.55107935731084,65.37283734719836,2407.2397320983646
747,-56.05379028068427,8.503853524805564,-85.77554861965726,431.7297101973411
748,-51.880298329065575,-10.431474200642924,63.777191679220465,-988.3155145975285
749,-24.957494961210912,13.098540566129117,21.17791478587894,1315.718764301254
750,96.83454272205475,-42.70739934230261,-91.51901531897744,-4315.786962813566
751,-68.62857454692607,-29.89856963756077,-87.38902247115475,-3466.175498868268
752,28.322707793105707,-29.921071915225284,-69.15770136712757,-3148.256832880379
753,68.76337726177587,-46.15439281303699,-74.49222434076212,-4686.671999543195
754,-70.29980061601094,35.41421968665048,80.6562005397185,3622.035894675689
755,-28.52229246720978,-98.2834909828844,-97.67895514484042,-10261.996353400418
756,-49.387634036497595,61.74337485356773,-66.62588225398333,5861.874677236627
757,-6.8200581761092,-7.040626419434261,-16.890176607378322,-779.2962507481953
758,-45.95807643265615,41.303698944835645,-1.4641792758839358,4020.153575464254
759,-44.91167470333075,12.423547846936174,1.9727758233104282,1131.9740786484674
760,66.07611231125404,-10.44021671834156,-95.2285327417669,-1167.5264325690184
761,14.37279930385283,-48.80430679294043,51.83058757378299,-4704.149569444093
762,53.90914338430085,51.140897202374504,-99.40907736823988,4974.345196184466
763,-0.6272170944700832,-76.05164903697543,93.34759714834976,-7353.480566976994
764,58.26892342008304,29.999544707789624,-33.701778366959616,3067.694663364282
765,-47.211915351436694,65.42232245012642,46.707857093092514,6594.14711321991
766,98.69462493635473,-75.6825790877242,3.9610635199009607,-7324.527882377157
767,79.42210242985931,-96.52358496841096,-18.268208426004335,-9541.865413103813
768,-68.8494247298139,-66.80590147761758,-10.890279532719305,-6935.5497122977185
769,60.30401415451553,81.63380575171252,-44.37717823882987,8228.159087900402
770,-66.36972640516889,43.36783141124391,-45.51788227716731,4034.8277756054767
771,5.198305653615833,-31.98413628035655,10.391068826124865,-3166.996032313519
772,4.264216694609033,3.551388347856559,-64.32681831504017,167.20618048706777
773,5.664268231956072,61.27089335895562,-68.79286562404367,5956.444730122895
774,98.7493396280345,-34.40688317079092,-79.53290350566722,-3438.704637367552
775,-19.158538473082885,-29.8763828790418,78.14050148993047,-2809.3632291181757
776,26.998869798314942,90.85252994187084,-34.188981853293626,9096.460507380332
777,-29.88031955438433,-78.24763479430665,-63.065610288529285,-8143.564795405177
778,38.94959683923511,-34.725733513849576,-99.74876800968413,-3697.362561846201
779,98.24409673641105,26.36158348655775,90.9494281228032,3202.2850406162065
780,-70.59422559705789,32.60926878546982,-38.76587980472643,2964.355604157993
781,37.85512509484889,-25.061016574274703,98.5712113402729,-2106.858562849996
782,-42.25008668436227,98.99653998834881,27.278788356756593,9919.0747287066
783,54.98087398619754,-63.461456519538984,-1.5380417819203842,-6233.9538671595765
784,0.799887585847344,33.77514846868584,-39.50432560504866,3271.472773528764
785,-66.0941085263126,68.74576140919731,-8.99313673570883,6701.011745278584
786,-97.66651318169168,82.00070510593494,-40.19578387033602,7849.100168463158
787,-6.270674520462194,-82.83185869932359,20.457156609078808,-8278.305676037708
788,-60.168456906100666,21.47278780409549,88.75234205380929,2271.3208441973
789,64.42925161755028,-23.02948044813644,32.97287231297392,-2035.5640949727517
790,98.67103275389363,-44.75743642153549,-52.67382311481521,-4395.067083948395
791,-62.39268025807887,-33.19310111082649,75.4210242753816,-3267.833445294348
792,-93.08838309795216,7.623977228232064,35.64118349075176,625.6988493815996
793,-88.61120668420776,9.862749159125684,-43.17572703364776,615.0966771241427
794,-3.256126483415329,32.09966618206451,78.52586930042045,3463.896553366862
795,70.57995217829358,-88.7574861902166,2.058268269272105,-8721.206238188246
796,-22.717697569607864,22.73801976631522,46.86866520748666,2370.4723237095523
797,-55.56671235996382,28.0948470583308,-25.10982704360454,2592.8864384980393
798,-20.718741696120716,-6.715564003662351,73.83380660868158,-499.73661489278095
799,-38.89605524817454,9.943250853182306,82.67136483988139,1152.328146271144
800,-85.31916728710547,-56.578301873689284,-7.415583637272661,-5941.37587087662
801,-4.013560617233011,-56.28117022247867,-98.28555842597298,-5975.338592930522
802,59.431459515081144,-91.3494311512789,81.74008403259415,-8763.604019790662
803,58.95607653284364,63.97741264231635,-95.10046230579007,6291.075765261861
804,-95.52358706321368,-26.59577307127647,66.33849623682923,-2722.9882047913306
805,-55.03790979729006,-92.35934738420191,-83.78248435979884,-9694.328097175345
806,84.99068886922757,-18.694510075305203,77.38186146038092,-1403.6135038423467
807,-90.98564485698574,-85.02129506068705,10.811696953269049,-8758.97645584498
808,-50.004072782280495,3.161189905816883,81.69505337445139,437.8351569190499
809,-50.00007786733458,-56.795621728810254,-91.24567943703177,-6129.9516438543615
810,-12.861249213590014,-63.47395408625884,20.089923805615825,-6350.822801908105
811,-16.499982033485423,-68.61117895893445,56.301303544685425,-6764.833460475155
812,20.848264719640497,-74.5179766787079,-74.9421647871916,-7668.495900358532
813,-2.12831952740315,69.32500236518635,-73.34448730898771,6730.208165564803
814,-6.554057257153502,-52.50838892977876,58.56110976533208,-5110.578354844553
815,-15.618882445791485,-2.671901205624195,-74.54404098454957,-545.6146238038247
816,-88.5131537300434,-7.176573134695772,30.77483479449441,-864.2299656673944
817,30.632169986933036,-26.32693918090719,-44.658539634862414,-2703.168916351457
818,14.30249351729475,-16.932177309772698,4.826767771921354,-1646.8904289433642
819,-32.64850605245486,17.712198575609506,84.57180849654384,1958.0128889702216
820,37.87672885899394,-77.50369110384622,14.178752950338833,-7642.367684238758
821,-19.43978469615304,74.10118225617884,-40.84872804256252,7265.014371417173
822,-3.366764428537465,-1.7856463652492494,34.667730089593704,-78.83840331042411
823,25.699602254243274,-69.58525933546325,91.03883943358778,-6636.842646726277
824,-61.14084710009926,-87.40717945714954,-77.87084460548888,-9195.111904348805
825,-31.00667361381049,-46.37866925619405,48.27768243021737,-4593.999389523168
826,23.081999502212497,86.29443803744857,76.8448002865128,8976.435874942606
827,74.97091410751378,87.46663696252594,-17.920147134812538,8938.183377072584
828,49.274718512957776,37.87395562935879,-94.85895808462317,3644.112418754379
829,11.698492754344002,13.819415234690325,90.36176975016872,1704.9426868177886
830,-64.5645431558954,-29.426495400507065,65.67686213084235,-2923.520173749585
831,34.63642536000168,66.7304969496953,-67.31339079473543,6588.450747242217
832,86.70897222887578,-93.36405022703782,11.520045831174187,-9111.153963671683
833,-26.468181965099376,14.957652931551891,-43.632840631936666,1293.6414537061285
834,91.57103355124733,-14.499784698622435,-3.379113187034946,-1218.8953865225592
835,-4.114724456961554,29.465538481077658,21.717602301179113,3018.116618886621
836,-10.88769242711507,-72.87912914795982,-66.00169713216273,-7559.960947607092
837,6.503440194365723,-99.66823855161661,98.56516339641482,-9687.603801343883
838,62.41976681735835,2.196119859982531,44.58058870816646,530.0571027592563
839,-0.6204924879732658,27.076276760581493,-54.0438350317183,2550.529253524867
840,9.825662579113455,-79.21862319183334,-51.51063427889746,-8098.248049063222
841,36.81075289844637,-32.965325377810586,78.89313207158662,-2965.3297091853083
842,67.81804564642871,54.87736567838209,11.935939849261175,5736.545673547315
843,-75.32210853053925,22.272255638083664,-8.25471029605265,2009.0791106565453
844,-33.721913625207094,-62.31792854129166,-53.75485853349626,-6524.622558696062
845,35.082124891982915,-23.12957121268495,-96.97859612012732,-2533.831379621595
846,4.19500931600561,32.06307800922568,4.592871126482521,3249.066256301093
847,78.97521166635866,-6.4909182940671,80.44192656947536,-186.04084935229866
848,-42.693976210137905,11.308774808013226,60.30099478255201,1210.3589081644961
849,80.681712250668,72.8888692841858,-86.38276974984622,7273.239113666282
850,-94.38765367380653,-46.06668877238316,-36.30443498046332,-5001.232972870301
851,60.21473224073753,-17.416782172964645,81.16558319907196,-1329.4379257669927
852,-76.27044937217988,59.71322770286315,-5.7767407171727285,5774.008825742484
853,-49.87763761820787,-83.97713806237499,7.709759498661086,-8550.256160369621
854,-23.733874930106523,-47.350486053489995,11.694456121408976,-4785.718019567191
855,-76.07857961185687,84.58877225418496,-91.48766772424777,8009.342666428159
856,-7.699803210475494,76.01378494263471,63.543545131667855,7817.98639298446
857,-22.403697102830208,84.58262792193125,10.200824593705235,8471.781867271091
858,-81.97467336546154,-88.13343536780135,-47.86682662222235,-9233.02895685857
859,87.64019075598634,69.08385425327336,-72.82275078813157,6951.168358234569
860,-2.6868913152460436,-35.487826564203814,67.84192592232955,-3360.67933728075
861,-66.17971557698698,-74.4201966892119,48.35695314416199,-7507.821460078741
862,30.988437856917585,-34.98444815394318,5.4122665758995225,-3414.581071333541
863,-30.543304314416744,-87.33005670482576,-34.08080133935502,-8968.510379951658
864,-60.63911645759923,-0.38096115174386114,-61.115203701797995,-395.42484616893057
865,1.0246314108317591,1.626689591146942,-27.511667985910165,78.94585019507954
866,87.10502235199078,39.44804197684465,89.26487171959761,4480.637310163155
867,-95.94062738518299,54.499430545412224,-23.231021957534352,5142.782773146437
868,49.55352126977331,29.957950248209897,4.658479903610697,3160.6405078664056
869,28.37800064565903,65.05607157713382,-72.27499124152361,6387.777230071626
870,23.83231204170025,6.517897539152486,82.42486512021884,980.1741595206845
871,-25.519999621752618,71.03533012650374,-49.183322350694425,6913.762955887563
872,-37.96091696182238,35.7352205217077,-68.88812895734603,3273.3987604886997
873,-52.63632729865557,81.32198348205335,6.651312454397669,8052.363159921848
874,13.036466621196155,-67.82983818090426,64.04523390583168,-6579.821140864499
875,70.5158291977302,55.49450702379883,69.2972941659711,5986.599670590175
876,-12.205958214224808,50.74984184309949,39.04636165417705,5188.76244246593
877,-39.15616654343028,70.7450837012893,13.718704962760128,7047.309539485484
878,-48.58301878531108,-1.7718341997007485,92.84667939157598,-19.2548070262246
879,73.12835367142614,-11.470594093794077,94.94247110575168,-656.7677237943901
880,46.24718744497247,-2.3447852586226787,52.0372369207696,53.37644044130071
881,60.18832496573543,95.38326368746999,-8.092503410479495,9722.761371261213
882,-4.076190160995296,67.34092958458834,-33.25842888325299,6652.243454689164
883,83.03599060830206,-91.77482456171231,-98.53842858277824,-9307.966290627428
884,-16.21366842752316,-89.60784595401844,44.408696128261255,-8910.93801141214
885,-75.22490207755439,57.88449976977674,-98.40919935145102,5303.953522819816
886,-62.6872938434458,-12.391880024719072,-74.66069978420933,-1649.1520415315238
887,21.155101290958143,-32.24785519756337,20.510845861860787,-3116.8474599802075
888,-63.291681265511016,79.79666390491303,75.4942357386189,8084.857174368304
889,-18.981673362116652,43.44372022813033,-35.75973117462952,4202.41671799092
890,58.66653298602597,-40.46629431617406,-74.54032278552717,-4141.81348467028
891,-67.30831797997345,72.92450137200032,69.94022316716087,7364.725111820802
892,24.569385734400598,-88.8034799656973,36.180188340499,-8744.059551986866
893,-5.528947743887812,76.92319994483111,21.536794571191905,7783.668356336994
894,-50.46155211579768,48.45871530395493,-51.47358237940849,4571.4839476483485
895,54.755682711210085,37.353166960785046,37.01914835168455,4019.647986471933
896,-82.10712269674217,68.60063872021749,74.33749056564955,6904.2908697869025
897,-54.89584681733775,33.26527456001196,-84.74872565798887,2925.164023806633
898,-60.74880703841832,85.42145934500823,-4.553047188469932,8403.349590698344
899,-93.9877017005343,38.676324506046456,14.345958403058518,3676.927085019512
900,-15.779967944118894,37.706477020866316,-46.63998117536339,3600.0444624492884
901,-68.88923666343372,-42.01108746689355,-65.01940297461445,-4613.959291596112
902,-77.27092492565923,-8.302702078777656,81.16592580555852,-788.9270749280475
903,-52.33558419293873,-72.14358866944927,-39.2820154644435,-7515.052584413553
904,-88.70118257271866,90.13116460898581,-3.6315975340305755,8805.869911021797
905,-25.079777486758175,59.49370861512455,-37.32362292745901,5792.84301005106
906,56.32336307213072,96.91402476154786,-48.14031646414587,9741.75350605609
907,3.1781377739478387,97.43120635165255,-50.08045902910574,9642.320045935956
908,36.792235896272786,-51.20738065299641,22.856451003382404,-4973.277687238827
909,90.03711798011088,-66.89274877221354,-89.52865906227794,-6758.856500791776
910,79.19836882103763,83.10617358463355,-94.2102594737537,8271.24650836187
911,-95.49866361433239,51.23679980034797,-6.285878974737585,4871.52983948004
912,-68.67587683688296,80.43777845235664,-54.80236720237879,7725.472979488208
913,-74.69061183328864,-17.035279361320434,60.12377333156874,-1726.4433681586436
914,91.17476952599225,-21.784965071972522,-0.5388167820495227,-1942.5305807117277
915,-62.55391835912532,80.17733908234555,95.27007875997762,8186.549924966558
916,-7.9309766067386676,-67.63592987248941,46.19501220611056,-6673.502797183413
917,44.710386089555215,-13.802430505427182,-15.55846440462905,-1315.2557030886858
918,79.70315271229609,94.6949494051004,-45.47087714639129,9589.799612015337
919,-22.33943538207032,46.62272412315028,-38.99832165640065,4500.6886800601
920,62.97682343685187,53.40595894305687,-25.32542869891688,5460.658764320772
921,71.14125578871136,-9.111322463784234,-9.35670870359391,-750.4974242953439
922,40.21070276010698,96.98566218463569,-19.19968122222984,9794.500316457228
923,-11.09324379907848,-46.04352947745263,-68.66985661745795,-4872.335993474251
924,-56.90898118372418,59.72491882289293,53.80350373992994,6016.597923621652
925,-56.574423370524116,-73.25292855419019,14.091378083478219,-7470.4807011548055
926,-87.17060506615861,37.45533912774928,15.46127972066293,3576.659928163962
927,-90.54209169545355,-91.91967095596883,-17.77306822233622,-9539.874814755045
928,-2.673163343438773,65.55103423958604,-49.758933554818555,6425.988806568603
929,5.585935695645233,35.067117211201236,85.3092915370668,3806.9735728273017
930,-12.733625439360964,39.604475072801705,49.088139512483934,4100.472646534475
931,51.05347076130644,85.47524320496765,86.42612887952049,9002.16325764003
932,-82.45090682978567,-78.82527862761833,-61.13367072426963,-8336.691502482945
933,-72.85524849607998,71.83996383370891,-37.74971235547342,6904.858361493239
934,-32.68320530422541,-77.82430284961023,-32.05064440073248,-8012.199181693496
935,0.6658380781474165,67.04561884764729,62.14591104812811,6935.1518572967025
936,38.47467411330828,69.15006000077446,48.86586327966083,7209.114829861632
937,-57.82647060236283,-42.20556422411887,-0.8949512205090429,-4400.6365011110875
938,-69.87535157764606,-48.80774617087087,30.788236059053816,-4997.52704608633
939,-25.28197663418341,27.85022253199982,-70.38246513448973,2508.2814270407844
940,70.7216186916381,44.690547996807396,18.98123746235963,4741.879950946977
941,-39.183547689282136,71.54145915244229,-44.403375068267124,6943.998959085516
942,-61.98806980513307,-86.92026468649073,-85.157923393875,-9172.872963286045
943,-44.0692365906304,-59.52417838277147,5.498955847457609,-6084.362232642158
944,12.811531482115427,39.11626998809055,-46.18074605769853,3821.2251398703584
945,41.69713797609634,-71.93704010147442,-10.61303403610627,-7150.819440792926
946,-76.12269945525394,-90.74078438372999,72.8516573723139,-9096.795431137802
947,62.953691615278046,41.95092182911978,74.08725519868676,4619.521090620965
948,-53.96320479981631,-1.197966708621891,24.796135380271394,-187.02700531061507
949,-93.03211322890049,-22.130631743819578,-83.96370775548208,-2740.63161498937
950,-94.98731807857892,74.34321017264296,77.88759221557459,7457.934400886773
951,22.068128305706523,-84.71486597399257,-35.017981738231896,-8563.203663669401
952,-67.88380024232414,66.79226363891752,-69.77199892720796,6308.366764799357
953,79.40519274297259,16.029362548274733,-89.98139824031675,1544.3679155140096
954,53.8629274358112,83.02647459630555,-67.63789896629333,8277.73683442635
955,98.0832637437519,91.18685460941683,-13.020148373172248,9389.91773305058
956,87.36703633788335,75.10250844885641,-27.1176526081168,7700.458642424264
957,-4.804007335433269,95.69781762690576,13.894186071912998,9648.763143246595
958,-86.0173711266551,-77.79698583213828,-35.31643150600135,-8162.924562711319
959,6.299643547842024,6.813780355906545,-73.59721067111613,470.29165555395764
960,77.63673387288924,-96.17481639159699,-73.6431387678683,-9684.964223876465
961,-32.09524027899067,98.13394387692361,-27.24739162538002,9691.254868097014
962,23.68776720596199,-78.71333353932712,-24.8189223497223,-7924.787641674249
963,-42.064574338525105,52.5662731974048,-75.6921184212467,4932.510479397574
964,71.61074160865255,29.719806093412615,9.330073349533905,3211.2417422929448
965,6.706842983670242,-93.02666560369931,97.9979500431491,-9021.721841471404
966,-1.8297638175272226,-45.49450472486887,-30.492000923379734,-4672.165272605631
967,-1.2865424419529887,25.48696235267336,15.447370489639866,2606.989464424367
968,-16.633954364719344,-78.43820735338542,74.2870162103032,-7695.858315386625
969,-64.42934254816181,-21.45326947408745,64.87838133519895,-2126.5283456657357
970,-31.778815191896598,-82.08341862827237,-10.488376867364593,-8368.47111134894
971,3.032447103312677,46.87166724034125,21.919227957610545,4787.266192724363
972,63.131968564542376,-48.457921179512844,95.78115274048707,-4398.033761821119
973,-59.266289725124246,44.5131372958904,84.42140640696084,4578.061363966412
974,24.499390591347534,83.63908083974329,9.592118433602963,8503.853571224547
975,20.312146981743112,-67.84664586098128,62.25007037202789,-6568.353677819082
976,65.8066904016577,70.16298159816776,52.948385580767024,7395.466758273984
977,-87.0665399676769,93.22585215199888,51.72967572879608,9294.790458793263
978,-75.99558401727604,-28.861071006918976,-44.466126139854545,-3245.3331405503013
979,92.53522199572248,15.308130062091237,-61.04019397490701,1597.821409254633
980,-32.54601528978394,-19.283917601382527,55.28509172041316,-1852.490764585924
981,49.04371845799412,-71.29156997648136,-60.6709583114113,-7221.81081579339
982,-91.52099597381743,37.59167653498835,16.498142358603914,3583.196502400461
983,-90.16346445313937,-25.9903537933168,-69.7735473817194,-3076.288996731364
984,78.00803347538039,75.29892847962697,-80.35041288105562,7526.307499577886
985,61.335106282372834,-35.71199430818545,34.41694029729979,-3314.262401182694
986,-69.320992177514,99.29882056362248,58.8900863083926,9974.899462471305
987,61.99193669170367,43.38977825492867,-72.49946365673385,4301.005329302693
988,73.52298108225074,-23.135670500455376,-11.39008153647572,-2161.262389984912
989,38.54916573212054,-96.82106078977111,91.03622948249432,-9339.503277123931
990,-60.47304497824815,22.14862850346799,84.06275998664324,2325.219456255656
991,67.8315804112211,55.878275658614,-51.88978992670974,5637.366446641394
992,15.256728801017957,-27.331628231659863,-5.1450273655261185,-2721.1166417589875
993,44.95152523704371,-43.853038893873084,31.536613407243124,-4185.678224027965
994,-61.97305561059912,-12.471213490691397,26.171694903776682,-1339.5662550920626
995,-99.9975799502502,21.432768024514885,17.138895455267274,1936.9129415997822
996,-85.29172584883433,-52.55182525114939,54.57499424722093,-5341.759519295831
997,36.850839025816015,-1.5895819166923388,-10.718845380791024,-91.80785107213687
998,31.600068987598064,17.57755846745772,-36.07490149081796,1739.2779702185017
999,14.251528949178919,-0.820876566256203,-25.065763978864112,-122.58817163950076
